Sr No,Model Name,Skin Name,Image URL
1,Nothing Phone (2a),3D Character,https://raw.githubusercontent.com/abid4197/NothingPhone/refs/heads/main/Nothing%20Phone%20%282a%29_3D%20Character.jpg
2,Nothing Phone (2a),Abstract Planet,https://raw.githubusercontent.com/abid4197/NothingPhone/refs/heads/main/Nothing%20Phone%20%282a%29_Abstract%20Planet.jpg
3,Nothing Phone (2a),Abstract Triangle,https://raw.githubusercontent.com/abid4197/NothingPhone/refs/heads/main/Nothing%20Phone%20%282a%29_Abstract%20Triangle.jpg
4,Nothing Phone (2a),Abstract,https://raw.githubusercontent.com/abid4197/NothingPhone/refs/heads/main/Nothing%20Phone%20%282a%29_Abstract.jpg
5,Nothing Phone (2a),AI Captain,https://raw.githubusercontent.com/abid4197/NothingPhone/refs/heads/main/Nothing%20Phone%20%282a%29_AI%20Captain.jpg
6,Nothing Phone (2a),AI CPU,https://raw.githubusercontent.com/abid4197/NothingPhone/refs/heads/main/Nothing%20Phone%20%282a%29_AI%20CPU.jpg
7,Nothing Phone (2a),AI Nature,https://raw.githubusercontent.com/abid4197/NothingPhone/refs/heads/main/Nothing%20Phone%20%282a%29_AI%20Nature.jpg
8,Nothing Phone (2a),Antman,https://raw.githubusercontent.com/abid4197/NothingPhone/refs/heads/main/Nothing%20Phone%20%282a%29_Antman.jpg
9,Nothing Phone (2a),Black Box,https://raw.githubusercontent.com/abid4197/NothingPhone/refs/heads/main/Nothing%20Phone%20%282a%29_Black%20Box.jpg
10,Nothing Phone (2a),Black Hexagones,https://raw.githubusercontent.com/abid4197/NothingPhone/refs/heads/main/Nothing%20Phone%20%282a%29_Black%20Hexagones.jpg
11,Nothing Phone (2a),Black Light,https://raw.githubusercontent.com/abid4197/NothingPhone/refs/heads/main/Nothing%20Phone%20%282a%29_Black%20Light.jpg
12,Nothing Phone (2a),Black Spiderman,https://raw.githubusercontent.com/abid4197/NothingPhone/refs/heads/main/Nothing%20Phone%20%282a%29_Black%20Spiderman.jpg
13,Nothing Phone (2a),Blue Tech,https://raw.githubusercontent.com/abid4197/NothingPhone/refs/heads/main/Nothing%20Phone%20%282a%29_Blue%20Tech.jpg
14,Nothing Phone (2a),Body Builder,https://raw.githubusercontent.com/abid4197/NothingPhone/refs/heads/main/Nothing%20Phone%20%282a%29_Body%20Builder.jpg
15,Nothing Phone (2a),Butcher,https://raw.githubusercontent.com/abid4197/NothingPhone/refs/heads/main/Nothing%20Phone%20%282a%29_Butcher.jpg
16,Nothing Phone (2a),Captain America,https://raw.githubusercontent.com/abid4197/NothingPhone/refs/heads/main/Nothing%20Phone%20%282a%29_Captain%20America.jpg
17,Nothing Phone (2a),Chess,https://raw.githubusercontent.com/abid4197/NothingPhone/refs/heads/main/Nothing%20Phone%20%282a%29_Chess.jpg
18,Nothing Phone (2a),Color Abstract,https://raw.githubusercontent.com/abid4197/NothingPhone/refs/heads/main/Nothing%20Phone%20%282a%29_Color%20Abstract.jpg
19,Nothing Phone (2a),Colorful Rocks,https://raw.githubusercontent.com/abid4197/NothingPhone/refs/heads/main/Nothing%20Phone%20%282a%29_Colorful%20Rocks.jpg
20,Nothing Phone (2a),Crystal Blocks,https://raw.githubusercontent.com/abid4197/NothingPhone/refs/heads/main/Nothing%20Phone%20%282a%29_Crystal%20Blocks.jpg
21,Nothing Phone (2a),Cube,https://raw.githubusercontent.com/abid4197/NothingPhone/refs/heads/main/Nothing%20Phone%20%282a%29_Cube.jpg
22,Nothing Phone (2a),Dark Silver,https://raw.githubusercontent.com/abid4197/NothingPhone/refs/heads/main/Nothing%20Phone%20%282a%29_Dark%20Silver.jpg
23,Nothing Phone (2a),Dhoni,https://raw.githubusercontent.com/abid4197/NothingPhone/refs/heads/main/Nothing%20Phone%20%282a%29_Dhoni.jpg
24,Nothing Phone (2a),Digital Dojo,https://raw.githubusercontent.com/abid4197/NothingPhone/refs/heads/main/Nothing%20Phone%20%282a%29_Digital%20Dojo.jpg
25,Nothing Phone (2a),Doomsday,https://raw.githubusercontent.com/abid4197/NothingPhone/refs/heads/main/Nothing%20Phone%20%282a%29_Doomsday.jpg
26,Nothing Phone (2a),Dotted Design,https://raw.githubusercontent.com/abid4197/NothingPhone/refs/heads/main/Nothing%20Phone%20%282a%29_Dotted%20Design.jpg
27,Nothing Phone (2a),Epic Joker,https://raw.githubusercontent.com/abid4197/NothingPhone/refs/heads/main/Nothing%20Phone%20%282a%29_Epic%20Joker.jpg
28,Nothing Phone (2a),Finger ball,https://raw.githubusercontent.com/abid4197/NothingPhone/refs/heads/main/Nothing%20Phone%20%282a%29_Finger%20ball.jpg
29,Nothing Phone (2a),First Avanger,https://raw.githubusercontent.com/abid4197/NothingPhone/refs/heads/main/Nothing%20Phone%20%282a%29_First%20Avanger.jpg
30,Nothing Phone (2a),Free Style,https://raw.githubusercontent.com/abid4197/NothingPhone/refs/heads/main/Nothing%20Phone%20%282a%29_Free%20Style.jpg
31,Nothing Phone (2a),Galaxy,https://raw.githubusercontent.com/abid4197/NothingPhone/refs/heads/main/Nothing%20Phone%20%282a%29_Galaxy.jpg
32,Nothing Phone (2a),Gear,https://raw.githubusercontent.com/abid4197/NothingPhone/refs/heads/main/Nothing%20Phone%20%282a%29_Gear.jpg
33,Nothing Phone (2a),Geomatric wine,https://raw.githubusercontent.com/abid4197/NothingPhone/refs/heads/main/Nothing%20Phone%20%282a%29_Geomatric%20wine.jpg
34,Nothing Phone (2a),Geometric sky,https://raw.githubusercontent.com/abid4197/NothingPhone/refs/heads/main/Nothing%20Phone%20%282a%29_Geometric%20sky.jpg
35,Nothing Phone (2a),Greay Bord,https://raw.githubusercontent.com/abid4197/NothingPhone/refs/heads/main/Nothing%20Phone%20%282a%29_Greay%20Bord.jpg
36,Nothing Phone (2a),HexaGlow,https://raw.githubusercontent.com/abid4197/NothingPhone/refs/heads/main/Nothing%20Phone%20%282a%29_HexaGlow.jpg
37,Nothing Phone (2a),Hexagones,https://raw.githubusercontent.com/abid4197/NothingPhone/refs/heads/main/Nothing%20Phone%20%282a%29_Hexagones.jpg
38,Nothing Phone (2a),Holographic,https://raw.githubusercontent.com/abid4197/NothingPhone/refs/heads/main/Nothing%20Phone%20%282a%29_Holographic.jpg
39,Nothing Phone (2a),Honeycomb,https://raw.githubusercontent.com/abid4197/NothingPhone/refs/heads/main/Nothing%20Phone%20%282a%29_Honeycomb.jpg
40,Nothing Phone (2a),Iron Man,https://raw.githubusercontent.com/abid4197/NothingPhone/refs/heads/main/Nothing%20Phone%20%282a%29_Iron%20Man.jpg
41,Nothing Phone (2a),Ivery Block,https://raw.githubusercontent.com/abid4197/NothingPhone/refs/heads/main/Nothing%20Phone%20%282a%29_Ivery%20Block.jpg
42,Nothing Phone (2a),Johnwick,https://raw.githubusercontent.com/abid4197/NothingPhone/refs/heads/main/Nothing%20Phone%20%282a%29_Johnwick.jpg
43,Nothing Phone (2a),Joker Abstract,https://raw.githubusercontent.com/abid4197/NothingPhone/refs/heads/main/Nothing%20Phone%20%282a%29_Joker%20Abstract.jpg
44,Nothing Phone (2a),Joker AI,https://raw.githubusercontent.com/abid4197/NothingPhone/refs/heads/main/Nothing%20Phone%20%282a%29_Joker%20AI.jpg
45,Nothing Phone (2a),Joker Attitude,https://raw.githubusercontent.com/abid4197/NothingPhone/refs/heads/main/Nothing%20Phone%20%282a%29_Joker%20Attitude.jpg
46,Nothing Phone (2a),Joker HA HA,https://raw.githubusercontent.com/abid4197/NothingPhone/refs/heads/main/Nothing%20Phone%20%282a%29_Joker%20HA%20HA.jpg
47,Nothing Phone (2a),Joker Laughing,https://raw.githubusercontent.com/abid4197/NothingPhone/refs/heads/main/Nothing%20Phone%20%282a%29_Joker%20Laughing.jpg
48,Nothing Phone (2a),Joker Smoking,https://raw.githubusercontent.com/abid4197/NothingPhone/refs/heads/main/Nothing%20Phone%20%282a%29_Joker%20Smoking.jpg
49,Nothing Phone (2a),Joker,https://raw.githubusercontent.com/abid4197/NothingPhone/refs/heads/main/Nothing%20Phone%20%282a%29_Joker.jpg
50,Nothing Phone (2a),Landscape Block,https://raw.githubusercontent.com/abid4197/NothingPhone/refs/heads/main/Nothing%20Phone%20%282a%29_Landscape%20Block.jpg
51,Nothing Phone (2a),Life,https://raw.githubusercontent.com/abid4197/NothingPhone/refs/heads/main/Nothing%20Phone%20%282a%29_Life.jpg
52,Nothing Phone (2a),Look But Don't Touch,https://raw.githubusercontent.com/abid4197/NothingPhone/refs/heads/main/Nothing%20Phone%20%282a%29_Look%20But%20Don%27t%20Touch.jpg
53,Nothing Phone (2a),Marvel Heroes,https://raw.githubusercontent.com/abid4197/NothingPhone/refs/heads/main/Nothing%20Phone%20%282a%29_Marvel%20Heroes.jpg
54,Nothing Phone (2a),Minimalist Art,https://raw.githubusercontent.com/abid4197/NothingPhone/refs/heads/main/Nothing%20Phone%20%282a%29_Minimalist%20Art.jpg
55,Nothing Phone (2a),Multi Color,https://raw.githubusercontent.com/abid4197/NothingPhone/refs/heads/main/Nothing%20Phone%20%282a%29_Multi%20Color.jpg
56,Nothing Phone (2a),Neon Black,https://raw.githubusercontent.com/abid4197/NothingPhone/refs/heads/main/Nothing%20Phone%20%282a%29_Neon%20Black.jpg
57,Nothing Phone (2a),Old Memory,https://raw.githubusercontent.com/abid4197/NothingPhone/refs/heads/main/Nothing%20Phone%20%282a%29_Old%20Memory.jpg
58,Nothing Phone (2a),Old Watch,https://raw.githubusercontent.com/abid4197/NothingPhone/refs/heads/main/Nothing%20Phone%20%282a%29_Old%20Watch.jpg
59,Nothing Phone (2a),One Pice,https://raw.githubusercontent.com/abid4197/NothingPhone/refs/heads/main/Nothing%20Phone%20%282a%29_One%20Pice.jpg
60,Nothing Phone (2a),Orange Blcok,https://raw.githubusercontent.com/abid4197/NothingPhone/refs/heads/main/Nothing%20Phone%20%282a%29_Orange%20Blcok.jpg
61,Nothing Phone (2a),Professor,https://raw.githubusercontent.com/abid4197/NothingPhone/refs/heads/main/Nothing%20Phone%20%282a%29_Professor.jpg
62,Nothing Phone (2a),Psycho,https://raw.githubusercontent.com/abid4197/NothingPhone/refs/heads/main/Nothing%20Phone%20%282a%29_Psycho.jpg
63,Nothing Phone (2a),Pubg,https://raw.githubusercontent.com/abid4197/NothingPhone/refs/heads/main/Nothing%20Phone%20%282a%29_Pubg.jpg
64,Nothing Phone (2a),Quotes,https://raw.githubusercontent.com/abid4197/NothingPhone/refs/heads/main/Nothing%20Phone%20%282a%29_Quotes.jpg
65,Nothing Phone (2a),Rang Rover,https://raw.githubusercontent.com/abid4197/NothingPhone/refs/heads/main/Nothing%20Phone%20%282a%29_Rang%20Rover.jpg
66,Nothing Phone (2a),Retro Circle,https://raw.githubusercontent.com/abid4197/NothingPhone/refs/heads/main/Nothing%20Phone%20%282a%29_Retro%20Circle.jpg
67,Nothing Phone (2a),Rocket Planet,https://raw.githubusercontent.com/abid4197/NothingPhone/refs/heads/main/Nothing%20Phone%20%282a%29_Rocket%20Planet.jpg
68,Nothing Phone (2a),Rocket,https://raw.githubusercontent.com/abid4197/NothingPhone/refs/heads/main/Nothing%20Phone%20%282a%29_Rocket.jpg
69,Nothing Phone (2a),Santa Claus,https://raw.githubusercontent.com/abid4197/NothingPhone/refs/heads/main/Nothing%20Phone%20%282a%29_Santa%20Claus.jpg
70,Nothing Phone (2a),Signature Pen,https://raw.githubusercontent.com/abid4197/NothingPhone/refs/heads/main/Nothing%20Phone%20%282a%29_Signature%20Pen.jpg
71,Nothing Phone (2a),Silver Box,https://raw.githubusercontent.com/abid4197/NothingPhone/refs/heads/main/Nothing%20Phone%20%282a%29_Silver%20Box.jpg
72,Nothing Phone (2a),Simle Emoji,https://raw.githubusercontent.com/abid4197/NothingPhone/refs/heads/main/Nothing%20Phone%20%282a%29_Simle%20Emoji.jpg
73,Nothing Phone (2a),Skeleton Smoke,https://raw.githubusercontent.com/abid4197/NothingPhone/refs/heads/main/Nothing%20Phone%20%282a%29_Skeleton%20Smoke.jpg
74,Nothing Phone (2a),Skeleton,https://raw.githubusercontent.com/abid4197/NothingPhone/refs/heads/main/Nothing%20Phone%20%282a%29_Skeleton.jpg
75,Nothing Phone (2a),Sleeping Lines,https://raw.githubusercontent.com/abid4197/NothingPhone/refs/heads/main/Nothing%20Phone%20%282a%29_Sleeping%20Lines.jpg
76,Nothing Phone (2a),Smily,https://raw.githubusercontent.com/abid4197/NothingPhone/refs/heads/main/Nothing%20Phone%20%282a%29_Smily.jpg
77,Nothing Phone (2a),Social Media,https://raw.githubusercontent.com/abid4197/NothingPhone/refs/heads/main/Nothing%20Phone%20%282a%29_Social%20Media.jpg
78,Nothing Phone (2a),Spiderman,https://raw.githubusercontent.com/abid4197/NothingPhone/refs/heads/main/Nothing%20Phone%20%282a%29_Spiderman.jpg
79,Nothing Phone (2a),Standing Lines,https://raw.githubusercontent.com/abid4197/NothingPhone/refs/heads/main/Nothing%20Phone%20%282a%29_Standing%20Lines.jpg
80,Nothing Phone (2a),Suit,https://raw.githubusercontent.com/abid4197/NothingPhone/refs/heads/main/Nothing%20Phone%20%282a%29_Suit.jpg
81,Nothing Phone (2a),Thaar,https://raw.githubusercontent.com/abid4197/NothingPhone/refs/heads/main/Nothing%20Phone%20%282a%29_Thaar.jpg
82,Nothing Phone (2a),The Thinker,https://raw.githubusercontent.com/abid4197/NothingPhone/refs/heads/main/Nothing%20Phone%20%282a%29_The%20Thinker.jpg
83,Nothing Phone (2a),Tony Stark,https://raw.githubusercontent.com/abid4197/NothingPhone/refs/heads/main/Nothing%20Phone%20%282a%29_Tony%20Stark.jpg
84,Nothing Phone (2a),Trading,https://raw.githubusercontent.com/abid4197/NothingPhone/refs/heads/main/Nothing%20Phone%20%282a%29_Trading.jpg
85,Nothing Phone (2a),Tringle Block,https://raw.githubusercontent.com/abid4197/NothingPhone/refs/heads/main/Nothing%20Phone%20%282a%29_Tringle%20Block.jpg
86,Nothing Phone (2a),Winter Soldier,https://raw.githubusercontent.com/abid4197/NothingPhone/refs/heads/main/Nothing%20Phone%20%282a%29_Winter%20Soldier.jpg
87,Nothing Phone (2a),Wolverine,https://raw.githubusercontent.com/abid4197/NothingPhone/refs/heads/main/Nothing%20Phone%20%282a%29_Wolverine.jpg
88,Nothing Phone (2a),Yello Professor,https://raw.githubusercontent.com/abid4197/NothingPhone/refs/heads/main/Nothing%20Phone%20%282a%29_Yello%20Professor.jpg
89,Nothing Phone (2a),Yellow Blocks,https://raw.githubusercontent.com/abid4197/NothingPhone/refs/heads/main/Nothing%20Phone%20%282a%29_Yellow%20Blocks.jpg
90,Nothing Phone (2a),Yellow Box,https://raw.githubusercontent.com/abid4197/NothingPhone/refs/heads/main/Nothing%20Phone%20%282a%29_Yellow%20Box.jpg
91,Nothing Phone (3a),3D Character,https://raw.githubusercontent.com/abid4197/NothingPhone/refs/heads/main/Nothing%20Phone%20%283a%29_3D%20Character.jpg
92,Nothing Phone (3a),Abstract Planet,https://raw.githubusercontent.com/abid4197/NothingPhone/refs/heads/main/Nothing%20Phone%20%283a%29_Abstract%20Planet.jpg
93,Nothing Phone (3a),Abstract Triangle,https://raw.githubusercontent.com/abid4197/NothingPhone/refs/heads/main/Nothing%20Phone%20%283a%29_Abstract%20Triangle.jpg
94,Nothing Phone (3a),Abstract,https://raw.githubusercontent.com/abid4197/NothingPhone/refs/heads/main/Nothing%20Phone%20%283a%29_Abstract.jpg
95,Nothing Phone (3a),AI Captain,https://raw.githubusercontent.com/abid4197/NothingPhone/refs/heads/main/Nothing%20Phone%20%283a%29_AI%20Captain.jpg
96,Nothing Phone (3a),AI CPU,https://raw.githubusercontent.com/abid4197/NothingPhone/refs/heads/main/Nothing%20Phone%20%283a%29_AI%20CPU.jpg
97,Nothing Phone (3a),AI Nature,https://raw.githubusercontent.com/abid4197/NothingPhone/refs/heads/main/Nothing%20Phone%20%283a%29_AI%20Nature.jpg
98,Nothing Phone (3a),Antman,https://raw.githubusercontent.com/abid4197/NothingPhone/refs/heads/main/Nothing%20Phone%20%283a%29_Antman.jpg
99,Nothing Phone (3a),Black Box,https://raw.githubusercontent.com/abid4197/NothingPhone/refs/heads/main/Nothing%20Phone%20%283a%29_Black%20Box.jpg
100,Nothing Phone (3a),Black Hexagones,https://raw.githubusercontent.com/abid4197/NothingPhone/refs/heads/main/Nothing%20Phone%20%283a%29_Black%20Hexagones.jpg
101,Nothing Phone (3a),Black Light,https://raw.githubusercontent.com/abid4197/NothingPhone/refs/heads/main/Nothing%20Phone%20%283a%29_Black%20Light.jpg
102,Nothing Phone (3a),Black Spiderman,https://raw.githubusercontent.com/abid4197/NothingPhone/refs/heads/main/Nothing%20Phone%20%283a%29_Black%20Spiderman.jpg
103,Nothing Phone (3a),Blue Tech,https://raw.githubusercontent.com/abid4197/NothingPhone/refs/heads/main/Nothing%20Phone%20%283a%29_Blue%20Tech.jpg
104,Nothing Phone (3a),Body Builder,https://raw.githubusercontent.com/abid4197/NothingPhone/refs/heads/main/Nothing%20Phone%20%283a%29_Body%20Builder.jpg
105,Nothing Phone (3a),Butcher,https://raw.githubusercontent.com/abid4197/NothingPhone/refs/heads/main/Nothing%20Phone%20%283a%29_Butcher.jpg
106,Nothing Phone (3a),Captain America,https://raw.githubusercontent.com/abid4197/NothingPhone/refs/heads/main/Nothing%20Phone%20%283a%29_Captain%20America.jpg
107,Nothing Phone (3a),Chess,https://raw.githubusercontent.com/abid4197/NothingPhone/refs/heads/main/Nothing%20Phone%20%283a%29_Chess.jpg
108,Nothing Phone (3a),Color Abstract,https://raw.githubusercontent.com/abid4197/NothingPhone/refs/heads/main/Nothing%20Phone%20%283a%29_Color%20Abstract.jpg
109,Nothing Phone (3a),Colorful Rocks,https://raw.githubusercontent.com/abid4197/NothingPhone/refs/heads/main/Nothing%20Phone%20%283a%29_Colorful%20Rocks.jpg
110,Nothing Phone (3a),Crystal Blocks,https://raw.githubusercontent.com/abid4197/NothingPhone/refs/heads/main/Nothing%20Phone%20%283a%29_Crystal%20Blocks.jpg
111,Nothing Phone (3a),Cube,https://raw.githubusercontent.com/abid4197/NothingPhone/refs/heads/main/Nothing%20Phone%20%283a%29_Cube.jpg
112,Nothing Phone (3a),Dark Silver,https://raw.githubusercontent.com/abid4197/NothingPhone/refs/heads/main/Nothing%20Phone%20%283a%29_Dark%20Silver.jpg
113,Nothing Phone (3a),Dhoni,https://raw.githubusercontent.com/abid4197/NothingPhone/refs/heads/main/Nothing%20Phone%20%283a%29_Dhoni.jpg
114,Nothing Phone (3a),Digital Dojo,https://raw.githubusercontent.com/abid4197/NothingPhone/refs/heads/main/Nothing%20Phone%20%283a%29_Digital%20Dojo.jpg
115,Nothing Phone (3a),Doomsday,https://raw.githubusercontent.com/abid4197/NothingPhone/refs/heads/main/Nothing%20Phone%20%283a%29_Doomsday.jpg
116,Nothing Phone (3a),Dotted Design,https://raw.githubusercontent.com/abid4197/NothingPhone/refs/heads/main/Nothing%20Phone%20%283a%29_Dotted%20Design.jpg
117,Nothing Phone (3a),Epic Joker,https://raw.githubusercontent.com/abid4197/NothingPhone/refs/heads/main/Nothing%20Phone%20%283a%29_Epic%20Joker.jpg
118,Nothing Phone (3a),Finger ball,https://raw.githubusercontent.com/abid4197/NothingPhone/refs/heads/main/Nothing%20Phone%20%283a%29_Finger%20ball.jpg
119,Nothing Phone (3a),First Avanger,https://raw.githubusercontent.com/abid4197/NothingPhone/refs/heads/main/Nothing%20Phone%20%283a%29_First%20Avanger.jpg
120,Nothing Phone (3a),Free Style,https://raw.githubusercontent.com/abid4197/NothingPhone/refs/heads/main/Nothing%20Phone%20%283a%29_Free%20Style.jpg
121,Nothing Phone (3a),Galaxy,https://raw.githubusercontent.com/abid4197/NothingPhone/refs/heads/main/Nothing%20Phone%20%283a%29_Galaxy.jpg
122,Nothing Phone (3a),Gear,https://raw.githubusercontent.com/abid4197/NothingPhone/refs/heads/main/Nothing%20Phone%20%283a%29_Gear.jpg
123,Nothing Phone (3a),Geomatric wine,https://raw.githubusercontent.com/abid4197/NothingPhone/refs/heads/main/Nothing%20Phone%20%283a%29_Geomatric%20wine.jpg
124,Nothing Phone (3a),Geometric sky,https://raw.githubusercontent.com/abid4197/NothingPhone/refs/heads/main/Nothing%20Phone%20%283a%29_Geometric%20sky.jpg
125,Nothing Phone (3a),Greay Bord,https://raw.githubusercontent.com/abid4197/NothingPhone/refs/heads/main/Nothing%20Phone%20%283a%29_Greay%20Bord.jpg
126,Nothing Phone (3a),HexaGlow,https://raw.githubusercontent.com/abid4197/NothingPhone/refs/heads/main/Nothing%20Phone%20%283a%29_HexaGlow.jpg
127,Nothing Phone (3a),Hexagones,https://raw.githubusercontent.com/abid4197/NothingPhone/refs/heads/main/Nothing%20Phone%20%283a%29_Hexagones.jpg
128,Nothing Phone (3a),Holographic,https://raw.githubusercontent.com/abid4197/NothingPhone/refs/heads/main/Nothing%20Phone%20%283a%29_Holographic.jpg
129,Nothing Phone (3a),Honeycomb,https://raw.githubusercontent.com/abid4197/NothingPhone/refs/heads/main/Nothing%20Phone%20%283a%29_Honeycomb.jpg
130,Nothing Phone (3a),Iron Man,https://raw.githubusercontent.com/abid4197/NothingPhone/refs/heads/main/Nothing%20Phone%20%283a%29_Iron%20Man.jpg
131,Nothing Phone (3a),Ivery Block,https://raw.githubusercontent.com/abid4197/NothingPhone/refs/heads/main/Nothing%20Phone%20%283a%29_Ivery%20Block.jpg
132,Nothing Phone (3a),Johnwick,https://raw.githubusercontent.com/abid4197/NothingPhone/refs/heads/main/Nothing%20Phone%20%283a%29_Johnwick.jpg
133,Nothing Phone (3a),Joker Abstract,https://raw.githubusercontent.com/abid4197/NothingPhone/refs/heads/main/Nothing%20Phone%20%283a%29_Joker%20Abstract.jpg
134,Nothing Phone (3a),Joker AI,https://raw.githubusercontent.com/abid4197/NothingPhone/refs/heads/main/Nothing%20Phone%20%283a%29_Joker%20AI.jpg
135,Nothing Phone (3a),Joker Attitude,https://raw.githubusercontent.com/abid4197/NothingPhone/refs/heads/main/Nothing%20Phone%20%283a%29_Joker%20Attitude.jpg
136,Nothing Phone (3a),Joker HA HA,https://raw.githubusercontent.com/abid4197/NothingPhone/refs/heads/main/Nothing%20Phone%20%283a%29_Joker%20HA%20HA.jpg
137,Nothing Phone (3a),Joker Laughing,https://raw.githubusercontent.com/abid4197/NothingPhone/refs/heads/main/Nothing%20Phone%20%283a%29_Joker%20Laughing.jpg
138,Nothing Phone (3a),Joker Smoking,https://raw.githubusercontent.com/abid4197/NothingPhone/refs/heads/main/Nothing%20Phone%20%283a%29_Joker%20Smoking.jpg
139,Nothing Phone (3a),Joker,https://raw.githubusercontent.com/abid4197/NothingPhone/refs/heads/main/Nothing%20Phone%20%283a%29_Joker.jpg
140,Nothing Phone (3a),Landscape Block,https://raw.githubusercontent.com/abid4197/NothingPhone/refs/heads/main/Nothing%20Phone%20%283a%29_Landscape%20Block.jpg
141,Nothing Phone (3a),Life,https://raw.githubusercontent.com/abid4197/NothingPhone/refs/heads/main/Nothing%20Phone%20%283a%29_Life.jpg
142,Nothing Phone (3a),Look But Don't Touch,https://raw.githubusercontent.com/abid4197/NothingPhone/refs/heads/main/Nothing%20Phone%20%283a%29_Look%20But%20Don%27t%20Touch.jpg
143,Nothing Phone (3a),Marvel Heroes,https://raw.githubusercontent.com/abid4197/NothingPhone/refs/heads/main/Nothing%20Phone%20%283a%29_Marvel%20Heroes.jpg
144,Nothing Phone (3a),Minimalist Art,https://raw.githubusercontent.com/abid4197/NothingPhone/refs/heads/main/Nothing%20Phone%20%283a%29_Minimalist%20Art.jpg
145,Nothing Phone (3a),Multi Color,https://raw.githubusercontent.com/abid4197/NothingPhone/refs/heads/main/Nothing%20Phone%20%283a%29_Multi%20Color.jpg
146,Nothing Phone (3a),Neon Black,https://raw.githubusercontent.com/abid4197/NothingPhone/refs/heads/main/Nothing%20Phone%20%283a%29_Neon%20Black.jpg
147,Nothing Phone (3a),Old Memory,https://raw.githubusercontent.com/abid4197/NothingPhone/refs/heads/main/Nothing%20Phone%20%283a%29_Old%20Memory.jpg
148,Nothing Phone (3a),Old Watch,https://raw.githubusercontent.com/abid4197/NothingPhone/refs/heads/main/Nothing%20Phone%20%283a%29_Old%20Watch.jpg
149,Nothing Phone (3a),One Pice,https://raw.githubusercontent.com/abid4197/NothingPhone/refs/heads/main/Nothing%20Phone%20%283a%29_One%20Pice.jpg
150,Nothing Phone (3a),Orange Blcok,https://raw.githubusercontent.com/abid4197/NothingPhone/refs/heads/main/Nothing%20Phone%20%283a%29_Orange%20Blcok.jpg
151,Nothing Phone (3a),Professor,https://raw.githubusercontent.com/abid4197/NothingPhone/refs/heads/main/Nothing%20Phone%20%283a%29_Professor.jpg
152,Nothing Phone (3a),Psycho,https://raw.githubusercontent.com/abid4197/NothingPhone/refs/heads/main/Nothing%20Phone%20%283a%29_Psycho.jpg
153,Nothing Phone (3a),Pubg,https://raw.githubusercontent.com/abid4197/NothingPhone/refs/heads/main/Nothing%20Phone%20%283a%29_Pubg.jpg
154,Nothing Phone (3a),Quotes,https://raw.githubusercontent.com/abid4197/NothingPhone/refs/heads/main/Nothing%20Phone%20%283a%29_Quotes.jpg
155,Nothing Phone (3a),Rang Rover,https://raw.githubusercontent.com/abid4197/NothingPhone/refs/heads/main/Nothing%20Phone%20%283a%29_Rang%20Rover.jpg
156,Nothing Phone (3a),Retro Circle,https://raw.githubusercontent.com/abid4197/NothingPhone/refs/heads/main/Nothing%20Phone%20%283a%29_Retro%20Circle.jpg
157,Nothing Phone (3a),Rocket Planet,https://raw.githubusercontent.com/abid4197/NothingPhone/refs/heads/main/Nothing%20Phone%20%283a%29_Rocket%20Planet.jpg
158,Nothing Phone (3a),Rocket,https://raw.githubusercontent.com/abid4197/NothingPhone/refs/heads/main/Nothing%20Phone%20%283a%29_Rocket.jpg
159,Nothing Phone (3a),Santa Claus,https://raw.githubusercontent.com/abid4197/NothingPhone/refs/heads/main/Nothing%20Phone%20%283a%29_Santa%20Claus.jpg
160,Nothing Phone (3a),Signature Pen,https://raw.githubusercontent.com/abid4197/NothingPhone/refs/heads/main/Nothing%20Phone%20%283a%29_Signature%20Pen.jpg
161,Nothing Phone (3a),Silver Box,https://raw.githubusercontent.com/abid4197/NothingPhone/refs/heads/main/Nothing%20Phone%20%283a%29_Silver%20Box.jpg
162,Nothing Phone (3a),Simle Emoji,https://raw.githubusercontent.com/abid4197/NothingPhone/refs/heads/main/Nothing%20Phone%20%283a%29_Simle%20Emoji.jpg
163,Nothing Phone (3a),Skeleton Smoke,https://raw.githubusercontent.com/abid4197/NothingPhone/refs/heads/main/Nothing%20Phone%20%283a%29_Skeleton%20Smoke.jpg
164,Nothing Phone (3a),Skeleton,https://raw.githubusercontent.com/abid4197/NothingPhone/refs/heads/main/Nothing%20Phone%20%283a%29_Skeleton.jpg
165,Nothing Phone (3a),Sleeping Lines,https://raw.githubusercontent.com/abid4197/NothingPhone/refs/heads/main/Nothing%20Phone%20%283a%29_Sleeping%20Lines.jpg
166,Nothing Phone (3a),Smily,https://raw.githubusercontent.com/abid4197/NothingPhone/refs/heads/main/Nothing%20Phone%20%283a%29_Smily.jpg
167,Nothing Phone (3a),Social Media,https://raw.githubusercontent.com/abid4197/NothingPhone/refs/heads/main/Nothing%20Phone%20%283a%29_Social%20Media.jpg
168,Nothing Phone (3a),Spiderman,https://raw.githubusercontent.com/abid4197/NothingPhone/refs/heads/main/Nothing%20Phone%20%283a%29_Spiderman.jpg
169,Nothing Phone (3a),Standing Lines,https://raw.githubusercontent.com/abid4197/NothingPhone/refs/heads/main/Nothing%20Phone%20%283a%29_Standing%20Lines.jpg
170,Nothing Phone (3a),Suit,https://raw.githubusercontent.com/abid4197/NothingPhone/refs/heads/main/Nothing%20Phone%20%283a%29_Suit.jpg
171,Nothing Phone (3a),Thaar,https://raw.githubusercontent.com/abid4197/NothingPhone/refs/heads/main/Nothing%20Phone%20%283a%29_Thaar.jpg
172,Nothing Phone (3a),The Thinker,https://raw.githubusercontent.com/abid4197/NothingPhone/refs/heads/main/Nothing%20Phone%20%283a%29_The%20Thinker.jpg
173,Nothing Phone (3a),Tony Stark,https://raw.githubusercontent.com/abid4197/NothingPhone/refs/heads/main/Nothing%20Phone%20%283a%29_Tony%20Stark.jpg
174,Nothing Phone (3a),Trading,https://raw.githubusercontent.com/abid4197/NothingPhone/refs/heads/main/Nothing%20Phone%20%283a%29_Trading.jpg
175,Nothing Phone (3a),Tringle Block,https://raw.githubusercontent.com/abid4197/NothingPhone/refs/heads/main/Nothing%20Phone%20%283a%29_Tringle%20Block.jpg
176,Nothing Phone (3a),Winter Soldier,https://raw.githubusercontent.com/abid4197/NothingPhone/refs/heads/main/Nothing%20Phone%20%283a%29_Winter%20Soldier.jpg
177,Nothing Phone (3a),Wolverine,https://raw.githubusercontent.com/abid4197/NothingPhone/refs/heads/main/Nothing%20Phone%20%283a%29_Wolverine.jpg
178,Nothing Phone (3a),Yello Professor,https://raw.githubusercontent.com/abid4197/NothingPhone/refs/heads/main/Nothing%20Phone%20%283a%29_Yello%20Professor.jpg
179,Nothing Phone (3a),Yellow Blocks,https://raw.githubusercontent.com/abid4197/NothingPhone/refs/heads/main/Nothing%20Phone%20%283a%29_Yellow%20Blocks.jpg
180,Nothing Phone (3a),Yellow Box,https://raw.githubusercontent.com/abid4197/NothingPhone/refs/heads/main/Nothing%20Phone%20%283a%29_Yellow%20Box.jpg
181,Nothing Phone 1,3D Character,https://raw.githubusercontent.com/abid4197/NothingPhone/refs/heads/main/Nothing%20Phone%201_3D%20Character.jpg
182,Nothing Phone 1,Abstract Planet,https://raw.githubusercontent.com/abid4197/NothingPhone/refs/heads/main/Nothing%20Phone%201_Abstract%20Planet.jpg
183,Nothing Phone 1,Abstract Triangle,https://raw.githubusercontent.com/abid4197/NothingPhone/refs/heads/main/Nothing%20Phone%201_Abstract%20Triangle.jpg
184,Nothing Phone 1,Abstract,https://raw.githubusercontent.com/abid4197/NothingPhone/refs/heads/main/Nothing%20Phone%201_Abstract.jpg
185,Nothing Phone 1,AI Captain,https://raw.githubusercontent.com/abid4197/NothingPhone/refs/heads/main/Nothing%20Phone%201_AI%20Captain.jpg
186,Nothing Phone 1,AI CPU,https://raw.githubusercontent.com/abid4197/NothingPhone/refs/heads/main/Nothing%20Phone%201_AI%20CPU.jpg
187,Nothing Phone 1,AI Nature,https://raw.githubusercontent.com/abid4197/NothingPhone/refs/heads/main/Nothing%20Phone%201_AI%20Nature.jpg
188,Nothing Phone 1,Antman,https://raw.githubusercontent.com/abid4197/NothingPhone/refs/heads/main/Nothing%20Phone%201_Antman.jpg
189,Nothing Phone 1,Black Box,https://raw.githubusercontent.com/abid4197/NothingPhone/refs/heads/main/Nothing%20Phone%201_Black%20Box.jpg
190,Nothing Phone 1,Black Hexagones,https://raw.githubusercontent.com/abid4197/NothingPhone/refs/heads/main/Nothing%20Phone%201_Black%20Hexagones.jpg
191,Nothing Phone 1,Black Light,https://raw.githubusercontent.com/abid4197/NothingPhone/refs/heads/main/Nothing%20Phone%201_Black%20Light.jpg
192,Nothing Phone 1,Black Spiderman,https://raw.githubusercontent.com/abid4197/NothingPhone/refs/heads/main/Nothing%20Phone%201_Black%20Spiderman.jpg
193,Nothing Phone 1,Blue Tech,https://raw.githubusercontent.com/abid4197/NothingPhone/refs/heads/main/Nothing%20Phone%201_Blue%20Tech.jpg
194,Nothing Phone 1,Body Builder,https://raw.githubusercontent.com/abid4197/NothingPhone/refs/heads/main/Nothing%20Phone%201_Body%20Builder.jpg
195,Nothing Phone 1,Butcher,https://raw.githubusercontent.com/abid4197/NothingPhone/refs/heads/main/Nothing%20Phone%201_Butcher.jpg
196,Nothing Phone 1,Captain America,https://raw.githubusercontent.com/abid4197/NothingPhone/refs/heads/main/Nothing%20Phone%201_Captain%20America.jpg
197,Nothing Phone 1,Chess,https://raw.githubusercontent.com/abid4197/NothingPhone/refs/heads/main/Nothing%20Phone%201_Chess.jpg
198,Nothing Phone 1,Color Abstract,https://raw.githubusercontent.com/abid4197/NothingPhone/refs/heads/main/Nothing%20Phone%201_Color%20Abstract.jpg
199,Nothing Phone 1,Colorful Rocks,https://raw.githubusercontent.com/abid4197/NothingPhone/refs/heads/main/Nothing%20Phone%201_Colorful%20Rocks.jpg
200,Nothing Phone 1,Crystal Blocks,https://raw.githubusercontent.com/abid4197/NothingPhone/refs/heads/main/Nothing%20Phone%201_Crystal%20Blocks.jpg
201,Nothing Phone 1,Cube,https://raw.githubusercontent.com/abid4197/NothingPhone/refs/heads/main/Nothing%20Phone%201_Cube.jpg
202,Nothing Phone 1,Dark Silver,https://raw.githubusercontent.com/abid4197/NothingPhone/refs/heads/main/Nothing%20Phone%201_Dark%20Silver.jpg
203,Nothing Phone 1,Dhoni,https://raw.githubusercontent.com/abid4197/NothingPhone/refs/heads/main/Nothing%20Phone%201_Dhoni.jpg
204,Nothing Phone 1,Digital Dojo,https://raw.githubusercontent.com/abid4197/NothingPhone/refs/heads/main/Nothing%20Phone%201_Digital%20Dojo.jpg
205,Nothing Phone 1,Doomsday,https://raw.githubusercontent.com/abid4197/NothingPhone/refs/heads/main/Nothing%20Phone%201_Doomsday.jpg
206,Nothing Phone 1,Dotted Design,https://raw.githubusercontent.com/abid4197/NothingPhone/refs/heads/main/Nothing%20Phone%201_Dotted%20Design.jpg
207,Nothing Phone 1,Epic Joker,https://raw.githubusercontent.com/abid4197/NothingPhone/refs/heads/main/Nothing%20Phone%201_Epic%20Joker.jpg
208,Nothing Phone 1,Finger ball,https://raw.githubusercontent.com/abid4197/NothingPhone/refs/heads/main/Nothing%20Phone%201_Finger%20ball.jpg
209,Nothing Phone 1,First Avanger,https://raw.githubusercontent.com/abid4197/NothingPhone/refs/heads/main/Nothing%20Phone%201_First%20Avanger.jpg
210,Nothing Phone 1,Free Style,https://raw.githubusercontent.com/abid4197/NothingPhone/refs/heads/main/Nothing%20Phone%201_Free%20Style.jpg
211,Nothing Phone 1,Galaxy,https://raw.githubusercontent.com/abid4197/NothingPhone/refs/heads/main/Nothing%20Phone%201_Galaxy.jpg
212,Nothing Phone 1,Gear,https://raw.githubusercontent.com/abid4197/NothingPhone/refs/heads/main/Nothing%20Phone%201_Gear.jpg
213,Nothing Phone 1,Geomatric wine,https://raw.githubusercontent.com/abid4197/NothingPhone/refs/heads/main/Nothing%20Phone%201_Geomatric%20wine.jpg
214,Nothing Phone 1,Geometric sky,https://raw.githubusercontent.com/abid4197/NothingPhone/refs/heads/main/Nothing%20Phone%201_Geometric%20sky.jpg
215,Nothing Phone 1,Greay Bord,https://raw.githubusercontent.com/abid4197/NothingPhone/refs/heads/main/Nothing%20Phone%201_Greay%20Bord.jpg
216,Nothing Phone 1,HexaGlow,https://raw.githubusercontent.com/abid4197/NothingPhone/refs/heads/main/Nothing%20Phone%201_HexaGlow.jpg
217,Nothing Phone 1,Hexagones,https://raw.githubusercontent.com/abid4197/NothingPhone/refs/heads/main/Nothing%20Phone%201_Hexagones.jpg
218,Nothing Phone 1,Holographic,https://raw.githubusercontent.com/abid4197/NothingPhone/refs/heads/main/Nothing%20Phone%201_Holographic.jpg
219,Nothing Phone 1,Honeycomb,https://raw.githubusercontent.com/abid4197/NothingPhone/refs/heads/main/Nothing%20Phone%201_Honeycomb.jpg
220,Nothing Phone 1,Iron Man,https://raw.githubusercontent.com/abid4197/NothingPhone/refs/heads/main/Nothing%20Phone%201_Iron%20Man.jpg
221,Nothing Phone 1,Ivery Block,https://raw.githubusercontent.com/abid4197/NothingPhone/refs/heads/main/Nothing%20Phone%201_Ivery%20Block.jpg
222,Nothing Phone 1,Johnwick,https://raw.githubusercontent.com/abid4197/NothingPhone/refs/heads/main/Nothing%20Phone%201_Johnwick.jpg
223,Nothing Phone 1,Joker Abstract,https://raw.githubusercontent.com/abid4197/NothingPhone/refs/heads/main/Nothing%20Phone%201_Joker%20Abstract.jpg
224,Nothing Phone 1,Joker AI,https://raw.githubusercontent.com/abid4197/NothingPhone/refs/heads/main/Nothing%20Phone%201_Joker%20AI.jpg
225,Nothing Phone 1,Joker Attitude,https://raw.githubusercontent.com/abid4197/NothingPhone/refs/heads/main/Nothing%20Phone%201_Joker%20Attitude.jpg
226,Nothing Phone 1,Joker HA HA,https://raw.githubusercontent.com/abid4197/NothingPhone/refs/heads/main/Nothing%20Phone%201_Joker%20HA%20HA.jpg
227,Nothing Phone 1,Joker Laughing,https://raw.githubusercontent.com/abid4197/NothingPhone/refs/heads/main/Nothing%20Phone%201_Joker%20Laughing.jpg
228,Nothing Phone 1,Joker Smoking,https://raw.githubusercontent.com/abid4197/NothingPhone/refs/heads/main/Nothing%20Phone%201_Joker%20Smoking.jpg
229,Nothing Phone 1,Joker,https://raw.githubusercontent.com/abid4197/NothingPhone/refs/heads/main/Nothing%20Phone%201_Joker.jpg
230,Nothing Phone 1,Landscape Block,https://raw.githubusercontent.com/abid4197/NothingPhone/refs/heads/main/Nothing%20Phone%201_Landscape%20Block.jpg
231,Nothing Phone 1,Life,https://raw.githubusercontent.com/abid4197/NothingPhone/refs/heads/main/Nothing%20Phone%201_Life.jpg
232,Nothing Phone 1,Look But Don't Touch,https://raw.githubusercontent.com/abid4197/NothingPhone/refs/heads/main/Nothing%20Phone%201_Look%20But%20Don%27t%20Touch.jpg
233,Nothing Phone 1,Marvel Heroes,https://raw.githubusercontent.com/abid4197/NothingPhone/refs/heads/main/Nothing%20Phone%201_Marvel%20Heroes.jpg
234,Nothing Phone 1,Minimalist Art,https://raw.githubusercontent.com/abid4197/NothingPhone/refs/heads/main/Nothing%20Phone%201_Minimalist%20Art.jpg
235,Nothing Phone 1,Multi Color,https://raw.githubusercontent.com/abid4197/NothingPhone/refs/heads/main/Nothing%20Phone%201_Multi%20Color.jpg
236,Nothing Phone 1,Neon Black,https://raw.githubusercontent.com/abid4197/NothingPhone/refs/heads/main/Nothing%20Phone%201_Neon%20Black.jpg
237,Nothing Phone 1,Old Memory,https://raw.githubusercontent.com/abid4197/NothingPhone/refs/heads/main/Nothing%20Phone%201_Old%20Memory.jpg
238,Nothing Phone 1,Old Watch,https://raw.githubusercontent.com/abid4197/NothingPhone/refs/heads/main/Nothing%20Phone%201_Old%20Watch.jpg
239,Nothing Phone 1,One Pice,https://raw.githubusercontent.com/abid4197/NothingPhone/refs/heads/main/Nothing%20Phone%201_One%20Pice.jpg
240,Nothing Phone 1,Orange Blcok,https://raw.githubusercontent.com/abid4197/NothingPhone/refs/heads/main/Nothing%20Phone%201_Orange%20Blcok.jpg
241,Nothing Phone 1,Professor,https://raw.githubusercontent.com/abid4197/NothingPhone/refs/heads/main/Nothing%20Phone%201_Professor.jpg
242,Nothing Phone 1,Psycho,https://raw.githubusercontent.com/abid4197/NothingPhone/refs/heads/main/Nothing%20Phone%201_Psycho.jpg
243,Nothing Phone 1,Pubg,https://raw.githubusercontent.com/abid4197/NothingPhone/refs/heads/main/Nothing%20Phone%201_Pubg.jpg
244,Nothing Phone 1,Quotes,https://raw.githubusercontent.com/abid4197/NothingPhone/refs/heads/main/Nothing%20Phone%201_Quotes.jpg
245,Nothing Phone 1,Rang Rover,https://raw.githubusercontent.com/abid4197/NothingPhone/refs/heads/main/Nothing%20Phone%201_Rang%20Rover.jpg
246,Nothing Phone 1,Retro Circle,https://raw.githubusercontent.com/abid4197/NothingPhone/refs/heads/main/Nothing%20Phone%201_Retro%20Circle.jpg
247,Nothing Phone 1,Rocket Planet,https://raw.githubusercontent.com/abid4197/NothingPhone/refs/heads/main/Nothing%20Phone%201_Rocket%20Planet.jpg
248,Nothing Phone 1,Rocket,https://raw.githubusercontent.com/abid4197/NothingPhone/refs/heads/main/Nothing%20Phone%201_Rocket.jpg
249,Nothing Phone 1,Santa Claus,https://raw.githubusercontent.com/abid4197/NothingPhone/refs/heads/main/Nothing%20Phone%201_Santa%20Claus.jpg
250,Nothing Phone 1,Signature Pen,https://raw.githubusercontent.com/abid4197/NothingPhone/refs/heads/main/Nothing%20Phone%201_Signature%20Pen.jpg
251,Nothing Phone 1,Silver Box,https://raw.githubusercontent.com/abid4197/NothingPhone/refs/heads/main/Nothing%20Phone%201_Silver%20Box.jpg
252,Nothing Phone 1,Simle Emoji,https://raw.githubusercontent.com/abid4197/NothingPhone/refs/heads/main/Nothing%20Phone%201_Simle%20Emoji.jpg
253,Nothing Phone 1,Skeleton Smoke,https://raw.githubusercontent.com/abid4197/NothingPhone/refs/heads/main/Nothing%20Phone%201_Skeleton%20Smoke.jpg
254,Nothing Phone 1,Skeleton,https://raw.githubusercontent.com/abid4197/NothingPhone/refs/heads/main/Nothing%20Phone%201_Skeleton.jpg
255,Nothing Phone 1,Sleeping Lines,https://raw.githubusercontent.com/abid4197/NothingPhone/refs/heads/main/Nothing%20Phone%201_Sleeping%20Lines.jpg
256,Nothing Phone 1,Smily,https://raw.githubusercontent.com/abid4197/NothingPhone/refs/heads/main/Nothing%20Phone%201_Smily.jpg
257,Nothing Phone 1,Social Media,https://raw.githubusercontent.com/abid4197/NothingPhone/refs/heads/main/Nothing%20Phone%201_Social%20Media.jpg
258,Nothing Phone 1,Spiderman,https://raw.githubusercontent.com/abid4197/NothingPhone/refs/heads/main/Nothing%20Phone%201_Spiderman.jpg
259,Nothing Phone 1,Standing Lines,https://raw.githubusercontent.com/abid4197/NothingPhone/refs/heads/main/Nothing%20Phone%201_Standing%20Lines.jpg
260,Nothing Phone 1,Suit,https://raw.githubusercontent.com/abid4197/NothingPhone/refs/heads/main/Nothing%20Phone%201_Suit.jpg
261,Nothing Phone 1,Thaar,https://raw.githubusercontent.com/abid4197/NothingPhone/refs/heads/main/Nothing%20Phone%201_Thaar.jpg
262,Nothing Phone 1,The Thinker,https://raw.githubusercontent.com/abid4197/NothingPhone/refs/heads/main/Nothing%20Phone%201_The%20Thinker.jpg
263,Nothing Phone 1,Tony Stark,https://raw.githubusercontent.com/abid4197/NothingPhone/refs/heads/main/Nothing%20Phone%201_Tony%20Stark.jpg
264,Nothing Phone 1,Trading,https://raw.githubusercontent.com/abid4197/NothingPhone/refs/heads/main/Nothing%20Phone%201_Trading.jpg
265,Nothing Phone 1,Tringle Block,https://raw.githubusercontent.com/abid4197/NothingPhone/refs/heads/main/Nothing%20Phone%201_Tringle%20Block.jpg
266,Nothing Phone 1,Winter Soldier,https://raw.githubusercontent.com/abid4197/NothingPhone/refs/heads/main/Nothing%20Phone%201_Winter%20Soldier.jpg
267,Nothing Phone 1,Wolverine,https://raw.githubusercontent.com/abid4197/NothingPhone/refs/heads/main/Nothing%20Phone%201_Wolverine.jpg
268,Nothing Phone 1,Yello Professor,https://raw.githubusercontent.com/abid4197/NothingPhone/refs/heads/main/Nothing%20Phone%201_Yello%20Professor.jpg
269,Nothing Phone 1,Yellow Blocks,https://raw.githubusercontent.com/abid4197/NothingPhone/refs/heads/main/Nothing%20Phone%201_Yellow%20Blocks.jpg
270,Nothing Phone 1,Yellow Box,https://raw.githubusercontent.com/abid4197/NothingPhone/refs/heads/main/Nothing%20Phone%201_Yellow%20Box.jpg
271,Nothing Phone 2,3D Character,https://raw.githubusercontent.com/abid4197/NothingPhone/refs/heads/main/Nothing%20Phone%202_3D%20Character.jpg
272,Nothing Phone 2,Abstract Planet,https://raw.githubusercontent.com/abid4197/NothingPhone/refs/heads/main/Nothing%20Phone%202_Abstract%20Planet.jpg
273,Nothing Phone 2,Abstract Triangle,https://raw.githubusercontent.com/abid4197/NothingPhone/refs/heads/main/Nothing%20Phone%202_Abstract%20Triangle.jpg
274,Nothing Phone 2,Abstract,https://raw.githubusercontent.com/abid4197/NothingPhone/refs/heads/main/Nothing%20Phone%202_Abstract.jpg
275,Nothing Phone 2,AI Captain,https://raw.githubusercontent.com/abid4197/NothingPhone/refs/heads/main/Nothing%20Phone%202_AI%20Captain.jpg
276,Nothing Phone 2,AI CPU,https://raw.githubusercontent.com/abid4197/NothingPhone/refs/heads/main/Nothing%20Phone%202_AI%20CPU.jpg
277,Nothing Phone 2,AI Nature,https://raw.githubusercontent.com/abid4197/NothingPhone/refs/heads/main/Nothing%20Phone%202_AI%20Nature.jpg
278,Nothing Phone 2,Antman,https://raw.githubusercontent.com/abid4197/NothingPhone/refs/heads/main/Nothing%20Phone%202_Antman.jpg
279,Nothing Phone 2,Black Box,https://raw.githubusercontent.com/abid4197/NothingPhone/refs/heads/main/Nothing%20Phone%202_Black%20Box.jpg
280,Nothing Phone 2,Black Hexagones,https://raw.githubusercontent.com/abid4197/NothingPhone/refs/heads/main/Nothing%20Phone%202_Black%20Hexagones.jpg
281,Nothing Phone 2,Black Light,https://raw.githubusercontent.com/abid4197/NothingPhone/refs/heads/main/Nothing%20Phone%202_Black%20Light.jpg
282,Nothing Phone 2,Black Spiderman,https://raw.githubusercontent.com/abid4197/NothingPhone/refs/heads/main/Nothing%20Phone%202_Black%20Spiderman.jpg
283,Nothing Phone 2,Blue Tech,https://raw.githubusercontent.com/abid4197/NothingPhone/refs/heads/main/Nothing%20Phone%202_Blue%20Tech.jpg
284,Nothing Phone 2,Body Builder,https://raw.githubusercontent.com/abid4197/NothingPhone/refs/heads/main/Nothing%20Phone%202_Body%20Builder.jpg
285,Nothing Phone 2,Butcher,https://raw.githubusercontent.com/abid4197/NothingPhone/refs/heads/main/Nothing%20Phone%202_Butcher.jpg
286,Nothing Phone 2,Captain America,https://raw.githubusercontent.com/abid4197/NothingPhone/refs/heads/main/Nothing%20Phone%202_Captain%20America.jpg
287,Nothing Phone 2,Chess,https://raw.githubusercontent.com/abid4197/NothingPhone/refs/heads/main/Nothing%20Phone%202_Chess.jpg
288,Nothing Phone 2,Color Abstract,https://raw.githubusercontent.com/abid4197/NothingPhone/refs/heads/main/Nothing%20Phone%202_Color%20Abstract.jpg
289,Nothing Phone 2,Colorful Rocks,https://raw.githubusercontent.com/abid4197/NothingPhone/refs/heads/main/Nothing%20Phone%202_Colorful%20Rocks.jpg
290,Nothing Phone 2,Crystal Blocks,https://raw.githubusercontent.com/abid4197/NothingPhone/refs/heads/main/Nothing%20Phone%202_Crystal%20Blocks.jpg
291,Nothing Phone 2,Cube,https://raw.githubusercontent.com/abid4197/NothingPhone/refs/heads/main/Nothing%20Phone%202_Cube.jpg
292,Nothing Phone 2,Dark Silver,https://raw.githubusercontent.com/abid4197/NothingPhone/refs/heads/main/Nothing%20Phone%202_Dark%20Silver.jpg
293,Nothing Phone 2,Dhoni,https://raw.githubusercontent.com/abid4197/NothingPhone/refs/heads/main/Nothing%20Phone%202_Dhoni.jpg
294,Nothing Phone 2,Digital Dojo,https://raw.githubusercontent.com/abid4197/NothingPhone/refs/heads/main/Nothing%20Phone%202_Digital%20Dojo.jpg
295,Nothing Phone 2,Doomsday,https://raw.githubusercontent.com/abid4197/NothingPhone/refs/heads/main/Nothing%20Phone%202_Doomsday.jpg
296,Nothing Phone 2,Dotted Design,https://raw.githubusercontent.com/abid4197/NothingPhone/refs/heads/main/Nothing%20Phone%202_Dotted%20Design.jpg
297,Nothing Phone 2,Epic Joker,https://raw.githubusercontent.com/abid4197/NothingPhone/refs/heads/main/Nothing%20Phone%202_Epic%20Joker.jpg
298,Nothing Phone 2,Finger ball,https://raw.githubusercontent.com/abid4197/NothingPhone/refs/heads/main/Nothing%20Phone%202_Finger%20ball.jpg
299,Nothing Phone 2,First Avanger,https://raw.githubusercontent.com/abid4197/NothingPhone/refs/heads/main/Nothing%20Phone%202_First%20Avanger.jpg
300,Nothing Phone 2,Free Style,https://raw.githubusercontent.com/abid4197/NothingPhone/refs/heads/main/Nothing%20Phone%202_Free%20Style.jpg
301,Nothing Phone 2,Galaxy,https://raw.githubusercontent.com/abid4197/NothingPhone/refs/heads/main/Nothing%20Phone%202_Galaxy.jpg
302,Nothing Phone 2,Gear,https://raw.githubusercontent.com/abid4197/NothingPhone/refs/heads/main/Nothing%20Phone%202_Gear.jpg
303,Nothing Phone 2,Geomatric wine,https://raw.githubusercontent.com/abid4197/NothingPhone/refs/heads/main/Nothing%20Phone%202_Geomatric%20wine.jpg
304,Nothing Phone 2,Geometric sky,https://raw.githubusercontent.com/abid4197/NothingPhone/refs/heads/main/Nothing%20Phone%202_Geometric%20sky.jpg
305,Nothing Phone 2,Greay Bord,https://raw.githubusercontent.com/abid4197/NothingPhone/refs/heads/main/Nothing%20Phone%202_Greay%20Bord.jpg
306,Nothing Phone 2,HexaGlow,https://raw.githubusercontent.com/abid4197/NothingPhone/refs/heads/main/Nothing%20Phone%202_HexaGlow.jpg
307,Nothing Phone 2,Hexagones,https://raw.githubusercontent.com/abid4197/NothingPhone/refs/heads/main/Nothing%20Phone%202_Hexagones.jpg
308,Nothing Phone 2,Holographic,https://raw.githubusercontent.com/abid4197/NothingPhone/refs/heads/main/Nothing%20Phone%202_Holographic.jpg
309,Nothing Phone 2,Honeycomb,https://raw.githubusercontent.com/abid4197/NothingPhone/refs/heads/main/Nothing%20Phone%202_Honeycomb.jpg
310,Nothing Phone 2,Iron Man,https://raw.githubusercontent.com/abid4197/NothingPhone/refs/heads/main/Nothing%20Phone%202_Iron%20Man.jpg
311,Nothing Phone 2,Ivery Block,https://raw.githubusercontent.com/abid4197/NothingPhone/refs/heads/main/Nothing%20Phone%202_Ivery%20Block.jpg
312,Nothing Phone 2,Johnwick,https://raw.githubusercontent.com/abid4197/NothingPhone/refs/heads/main/Nothing%20Phone%202_Johnwick.jpg
313,Nothing Phone 2,Joker Abstract,https://raw.githubusercontent.com/abid4197/NothingPhone/refs/heads/main/Nothing%20Phone%202_Joker%20Abstract.jpg
314,Nothing Phone 2,Joker AI,https://raw.githubusercontent.com/abid4197/NothingPhone/refs/heads/main/Nothing%20Phone%202_Joker%20AI.jpg
315,Nothing Phone 2,Joker Attitude,https://raw.githubusercontent.com/abid4197/NothingPhone/refs/heads/main/Nothing%20Phone%202_Joker%20Attitude.jpg
316,Nothing Phone 2,Joker HA HA,https://raw.githubusercontent.com/abid4197/NothingPhone/refs/heads/main/Nothing%20Phone%202_Joker%20HA%20HA.jpg
317,Nothing Phone 2,Joker Laughing,https://raw.githubusercontent.com/abid4197/NothingPhone/refs/heads/main/Nothing%20Phone%202_Joker%20Laughing.jpg
318,Nothing Phone 2,Joker Smoking,https://raw.githubusercontent.com/abid4197/NothingPhone/refs/heads/main/Nothing%20Phone%202_Joker%20Smoking.jpg
319,Nothing Phone 2,Joker,https://raw.githubusercontent.com/abid4197/NothingPhone/refs/heads/main/Nothing%20Phone%202_Joker.jpg
320,Nothing Phone 2,Landscape Block,https://raw.githubusercontent.com/abid4197/NothingPhone/refs/heads/main/Nothing%20Phone%202_Landscape%20Block.jpg
321,Nothing Phone 2,Life,https://raw.githubusercontent.com/abid4197/NothingPhone/refs/heads/main/Nothing%20Phone%202_Life.jpg
322,Nothing Phone 2,Look But Don't Touch,https://raw.githubusercontent.com/abid4197/NothingPhone/refs/heads/main/Nothing%20Phone%202_Look%20But%20Don%27t%20Touch.jpg
323,Nothing Phone 2,Marvel Heroes,https://raw.githubusercontent.com/abid4197/NothingPhone/refs/heads/main/Nothing%20Phone%202_Marvel%20Heroes.jpg
324,Nothing Phone 2,Minimalist Art,https://raw.githubusercontent.com/abid4197/NothingPhone/refs/heads/main/Nothing%20Phone%202_Minimalist%20Art.jpg
325,Nothing Phone 2,Multi Color,https://raw.githubusercontent.com/abid4197/NothingPhone/refs/heads/main/Nothing%20Phone%202_Multi%20Color.jpg
326,Nothing Phone 2,Neon Black,https://raw.githubusercontent.com/abid4197/NothingPhone/refs/heads/main/Nothing%20Phone%202_Neon%20Black.jpg
327,Nothing Phone 2,Old Memory,https://raw.githubusercontent.com/abid4197/NothingPhone/refs/heads/main/Nothing%20Phone%202_Old%20Memory.jpg
328,Nothing Phone 2,Old Watch,https://raw.githubusercontent.com/abid4197/NothingPhone/refs/heads/main/Nothing%20Phone%202_Old%20Watch.jpg
329,Nothing Phone 2,One Pice,https://raw.githubusercontent.com/abid4197/NothingPhone/refs/heads/main/Nothing%20Phone%202_One%20Pice.jpg
330,Nothing Phone 2,Orange Blcok,https://raw.githubusercontent.com/abid4197/NothingPhone/refs/heads/main/Nothing%20Phone%202_Orange%20Blcok.jpg
331,Nothing Phone 2,Professor,https://raw.githubusercontent.com/abid4197/NothingPhone/refs/heads/main/Nothing%20Phone%202_Professor.jpg
332,Nothing Phone 2,Psycho,https://raw.githubusercontent.com/abid4197/NothingPhone/refs/heads/main/Nothing%20Phone%202_Psycho.jpg
333,Nothing Phone 2,Pubg,https://raw.githubusercontent.com/abid4197/NothingPhone/refs/heads/main/Nothing%20Phone%202_Pubg.jpg
334,Nothing Phone 2,Quotes,https://raw.githubusercontent.com/abid4197/NothingPhone/refs/heads/main/Nothing%20Phone%202_Quotes.jpg
335,Nothing Phone 2,Rang Rover,https://raw.githubusercontent.com/abid4197/NothingPhone/refs/heads/main/Nothing%20Phone%202_Rang%20Rover.jpg
336,Nothing Phone 2,Retro Circle,https://raw.githubusercontent.com/abid4197/NothingPhone/refs/heads/main/Nothing%20Phone%202_Retro%20Circle.jpg
337,Nothing Phone 2,Rocket Planet,https://raw.githubusercontent.com/abid4197/NothingPhone/refs/heads/main/Nothing%20Phone%202_Rocket%20Planet.jpg
338,Nothing Phone 2,Rocket,https://raw.githubusercontent.com/abid4197/NothingPhone/refs/heads/main/Nothing%20Phone%202_Rocket.jpg
339,Nothing Phone 2,Santa Claus,https://raw.githubusercontent.com/abid4197/NothingPhone/refs/heads/main/Nothing%20Phone%202_Santa%20Claus.jpg
340,Nothing Phone 2,Signature Pen,https://raw.githubusercontent.com/abid4197/NothingPhone/refs/heads/main/Nothing%20Phone%202_Signature%20Pen.jpg
341,Nothing Phone 2,Silver Box,https://raw.githubusercontent.com/abid4197/NothingPhone/refs/heads/main/Nothing%20Phone%202_Silver%20Box.jpg
342,Nothing Phone 2,Simle Emoji,https://raw.githubusercontent.com/abid4197/NothingPhone/refs/heads/main/Nothing%20Phone%202_Simle%20Emoji.jpg
343,Nothing Phone 2,Skeleton Smoke,https://raw.githubusercontent.com/abid4197/NothingPhone/refs/heads/main/Nothing%20Phone%202_Skeleton%20Smoke.jpg
344,Nothing Phone 2,Skeleton,https://raw.githubusercontent.com/abid4197/NothingPhone/refs/heads/main/Nothing%20Phone%202_Skeleton.jpg
345,Nothing Phone 2,Sleeping Lines,https://raw.githubusercontent.com/abid4197/NothingPhone/refs/heads/main/Nothing%20Phone%202_Sleeping%20Lines.jpg
346,Nothing Phone 2,Smily,https://raw.githubusercontent.com/abid4197/NothingPhone/refs/heads/main/Nothing%20Phone%202_Smily.jpg
347,Nothing Phone 2,Social Media,https://raw.githubusercontent.com/abid4197/NothingPhone/refs/heads/main/Nothing%20Phone%202_Social%20Media.jpg
348,Nothing Phone 2,Spiderman,https://raw.githubusercontent.com/abid4197/NothingPhone/refs/heads/main/Nothing%20Phone%202_Spiderman.jpg
349,Nothing Phone 2,Standing Lines,https://raw.githubusercontent.com/abid4197/NothingPhone/refs/heads/main/Nothing%20Phone%202_Standing%20Lines.jpg
350,Nothing Phone 2,Suit,https://raw.githubusercontent.com/abid4197/NothingPhone/refs/heads/main/Nothing%20Phone%202_Suit.jpg
351,Nothing Phone 2,Thaar,https://raw.githubusercontent.com/abid4197/NothingPhone/refs/heads/main/Nothing%20Phone%202_Thaar.jpg
352,Nothing Phone 2,The Thinker,https://raw.githubusercontent.com/abid4197/NothingPhone/refs/heads/main/Nothing%20Phone%202_The%20Thinker.jpg
353,Nothing Phone 2,Tony Stark,https://raw.githubusercontent.com/abid4197/NothingPhone/refs/heads/main/Nothing%20Phone%202_Tony%20Stark.jpg
354,Nothing Phone 2,Trading,https://raw.githubusercontent.com/abid4197/NothingPhone/refs/heads/main/Nothing%20Phone%202_Trading.jpg
355,Nothing Phone 2,Tringle Block,https://raw.githubusercontent.com/abid4197/NothingPhone/refs/heads/main/Nothing%20Phone%202_Tringle%20Block.jpg
356,Nothing Phone 2,Winter Soldier,https://raw.githubusercontent.com/abid4197/NothingPhone/refs/heads/main/Nothing%20Phone%202_Winter%20Soldier.jpg
357,Nothing Phone 2,Wolverine,https://raw.githubusercontent.com/abid4197/NothingPhone/refs/heads/main/Nothing%20Phone%202_Wolverine.jpg
358,Nothing Phone 2,Yello Professor,https://raw.githubusercontent.com/abid4197/NothingPhone/refs/heads/main/Nothing%20Phone%202_Yello%20Professor.jpg
359,Nothing Phone 2,Yellow Blocks,https://raw.githubusercontent.com/abid4197/NothingPhone/refs/heads/main/Nothing%20Phone%202_Yellow%20Blocks.jpg
360,Nothing Phone 2,Yellow Box,https://raw.githubusercontent.com/abid4197/NothingPhone/refs/heads/main/Nothing%20Phone%202_Yellow%20Box.jpg
361,Nothing Phone CMF Phone 1 (5G),3D Character,https://raw.githubusercontent.com/abid4197/NothingPhone/refs/heads/main/Nothing%20Phone%20CMF%20Phone%201%20%285G%29_3D%20Character.jpg
362,Nothing Phone CMF Phone 1 (5G),Abstract Planet,https://raw.githubusercontent.com/abid4197/NothingPhone/refs/heads/main/Nothing%20Phone%20CMF%20Phone%201%20%285G%29_Abstract%20Planet.jpg
363,Nothing Phone CMF Phone 1 (5G),Abstract Triangle,https://raw.githubusercontent.com/abid4197/NothingPhone/refs/heads/main/Nothing%20Phone%20CMF%20Phone%201%20%285G%29_Abstract%20Triangle.jpg
364,Nothing Phone CMF Phone 1 (5G),Abstract,https://raw.githubusercontent.com/abid4197/NothingPhone/refs/heads/main/Nothing%20Phone%20CMF%20Phone%201%20%285G%29_Abstract.jpg
365,Nothing Phone CMF Phone 1 (5G),AI Captain,https://raw.githubusercontent.com/abid4197/NothingPhone/refs/heads/main/Nothing%20Phone%20CMF%20Phone%201%20%285G%29_AI%20Captain.jpg
366,Nothing Phone CMF Phone 1 (5G),AI CPU,https://raw.githubusercontent.com/abid4197/NothingPhone/refs/heads/main/Nothing%20Phone%20CMF%20Phone%201%20%285G%29_AI%20CPU.jpg
367,Nothing Phone CMF Phone 1 (5G),AI Nature,https://raw.githubusercontent.com/abid4197/NothingPhone/refs/heads/main/Nothing%20Phone%20CMF%20Phone%201%20%285G%29_AI%20Nature.jpg
368,Nothing Phone CMF Phone 1 (5G),Antman,https://raw.githubusercontent.com/abid4197/NothingPhone/refs/heads/main/Nothing%20Phone%20CMF%20Phone%201%20%285G%29_Antman.jpg
369,Nothing Phone CMF Phone 1 (5G),Black Box,https://raw.githubusercontent.com/abid4197/NothingPhone/refs/heads/main/Nothing%20Phone%20CMF%20Phone%201%20%285G%29_Black%20Box.jpg
370,Nothing Phone CMF Phone 1 (5G),Black Hexagones,https://raw.githubusercontent.com/abid4197/NothingPhone/refs/heads/main/Nothing%20Phone%20CMF%20Phone%201%20%285G%29_Black%20Hexagones.jpg
371,Nothing Phone CMF Phone 1 (5G),Black Light,https://raw.githubusercontent.com/abid4197/NothingPhone/refs/heads/main/Nothing%20Phone%20CMF%20Phone%201%20%285G%29_Black%20Light.jpg
372,Nothing Phone CMF Phone 1 (5G),Black Spiderman,https://raw.githubusercontent.com/abid4197/NothingPhone/refs/heads/main/Nothing%20Phone%20CMF%20Phone%201%20%285G%29_Black%20Spiderman.jpg
373,Nothing Phone CMF Phone 1 (5G),Blue Tech,https://raw.githubusercontent.com/abid4197/NothingPhone/refs/heads/main/Nothing%20Phone%20CMF%20Phone%201%20%285G%29_Blue%20Tech.jpg
374,Nothing Phone CMF Phone 1 (5G),Body Builder,https://raw.githubusercontent.com/abid4197/NothingPhone/refs/heads/main/Nothing%20Phone%20CMF%20Phone%201%20%285G%29_Body%20Builder.jpg
375,Nothing Phone CMF Phone 1 (5G),Butcher,https://raw.githubusercontent.com/abid4197/NothingPhone/refs/heads/main/Nothing%20Phone%20CMF%20Phone%201%20%285G%29_Butcher.jpg
376,Nothing Phone CMF Phone 1 (5G),Captain America,https://raw.githubusercontent.com/abid4197/NothingPhone/refs/heads/main/Nothing%20Phone%20CMF%20Phone%201%20%285G%29_Captain%20America.jpg
377,Nothing Phone CMF Phone 1 (5G),Chess,https://raw.githubusercontent.com/abid4197/NothingPhone/refs/heads/main/Nothing%20Phone%20CMF%20Phone%201%20%285G%29_Chess.jpg
378,Nothing Phone CMF Phone 1 (5G),Color Abstract,https://raw.githubusercontent.com/abid4197/NothingPhone/refs/heads/main/Nothing%20Phone%20CMF%20Phone%201%20%285G%29_Color%20Abstract.jpg
379,Nothing Phone CMF Phone 1 (5G),Colorful Rocks,https://raw.githubusercontent.com/abid4197/NothingPhone/refs/heads/main/Nothing%20Phone%20CMF%20Phone%201%20%285G%29_Colorful%20Rocks.jpg
380,Nothing Phone CMF Phone 1 (5G),Crystal Blocks,https://raw.githubusercontent.com/abid4197/NothingPhone/refs/heads/main/Nothing%20Phone%20CMF%20Phone%201%20%285G%29_Crystal%20Blocks.jpg
381,Nothing Phone CMF Phone 1 (5G),Cube,https://raw.githubusercontent.com/abid4197/NothingPhone/refs/heads/main/Nothing%20Phone%20CMF%20Phone%201%20%285G%29_Cube.jpg
382,Nothing Phone CMF Phone 1 (5G),Dark Silver,https://raw.githubusercontent.com/abid4197/NothingPhone/refs/heads/main/Nothing%20Phone%20CMF%20Phone%201%20%285G%29_Dark%20Silver.jpg
383,Nothing Phone CMF Phone 1 (5G),Dhoni,https://raw.githubusercontent.com/abid4197/NothingPhone/refs/heads/main/Nothing%20Phone%20CMF%20Phone%201%20%285G%29_Dhoni.jpg
384,Nothing Phone CMF Phone 1 (5G),Digital Dojo,https://raw.githubusercontent.com/abid4197/NothingPhone/refs/heads/main/Nothing%20Phone%20CMF%20Phone%201%20%285G%29_Digital%20Dojo.jpg
385,Nothing Phone CMF Phone 1 (5G),Doomsday,https://raw.githubusercontent.com/abid4197/NothingPhone/refs/heads/main/Nothing%20Phone%20CMF%20Phone%201%20%285G%29_Doomsday.jpg
386,Nothing Phone CMF Phone 1 (5G),Dotted Design,https://raw.githubusercontent.com/abid4197/NothingPhone/refs/heads/main/Nothing%20Phone%20CMF%20Phone%201%20%285G%29_Dotted%20Design.jpg
387,Nothing Phone CMF Phone 1 (5G),Epic Joker,https://raw.githubusercontent.com/abid4197/NothingPhone/refs/heads/main/Nothing%20Phone%20CMF%20Phone%201%20%285G%29_Epic%20Joker.jpg
388,Nothing Phone CMF Phone 1 (5G),Finger ball,https://raw.githubusercontent.com/abid4197/NothingPhone/refs/heads/main/Nothing%20Phone%20CMF%20Phone%201%20%285G%29_Finger%20ball.jpg
389,Nothing Phone CMF Phone 1 (5G),First Avanger,https://raw.githubusercontent.com/abid4197/NothingPhone/refs/heads/main/Nothing%20Phone%20CMF%20Phone%201%20%285G%29_First%20Avanger.jpg
390,Nothing Phone CMF Phone 1 (5G),Free Style,https://raw.githubusercontent.com/abid4197/NothingPhone/refs/heads/main/Nothing%20Phone%20CMF%20Phone%201%20%285G%29_Free%20Style.jpg
391,Nothing Phone CMF Phone 1 (5G),Galaxy,https://raw.githubusercontent.com/abid4197/NothingPhone/refs/heads/main/Nothing%20Phone%20CMF%20Phone%201%20%285G%29_Galaxy.jpg
392,Nothing Phone CMF Phone 1 (5G),Gear,https://raw.githubusercontent.com/abid4197/NothingPhone/refs/heads/main/Nothing%20Phone%20CMF%20Phone%201%20%285G%29_Gear.jpg
393,Nothing Phone CMF Phone 1 (5G),Geomatric wine,https://raw.githubusercontent.com/abid4197/NothingPhone/refs/heads/main/Nothing%20Phone%20CMF%20Phone%201%20%285G%29_Geomatric%20wine.jpg
394,Nothing Phone CMF Phone 1 (5G),Geometric sky,https://raw.githubusercontent.com/abid4197/NothingPhone/refs/heads/main/Nothing%20Phone%20CMF%20Phone%201%20%285G%29_Geometric%20sky.jpg
395,Nothing Phone CMF Phone 1 (5G),Greay Bord,https://raw.githubusercontent.com/abid4197/NothingPhone/refs/heads/main/Nothing%20Phone%20CMF%20Phone%201%20%285G%29_Greay%20Bord.jpg
396,Nothing Phone CMF Phone 1 (5G),HexaGlow,https://raw.githubusercontent.com/abid4197/NothingPhone/refs/heads/main/Nothing%20Phone%20CMF%20Phone%201%20%285G%29_HexaGlow.jpg
397,Nothing Phone CMF Phone 1 (5G),Hexagones,https://raw.githubusercontent.com/abid4197/NothingPhone/refs/heads/main/Nothing%20Phone%20CMF%20Phone%201%20%285G%29_Hexagones.jpg
398,Nothing Phone CMF Phone 1 (5G),Holographic,https://raw.githubusercontent.com/abid4197/NothingPhone/refs/heads/main/Nothing%20Phone%20CMF%20Phone%201%20%285G%29_Holographic.jpg
399,Nothing Phone CMF Phone 1 (5G),Honeycomb,https://raw.githubusercontent.com/abid4197/NothingPhone/refs/heads/main/Nothing%20Phone%20CMF%20Phone%201%20%285G%29_Honeycomb.jpg
400,Nothing Phone CMF Phone 1 (5G),Iron Man,https://raw.githubusercontent.com/abid4197/NothingPhone/refs/heads/main/Nothing%20Phone%20CMF%20Phone%201%20%285G%29_Iron%20Man.jpg
401,Nothing Phone CMF Phone 1 (5G),Ivery Block,https://raw.githubusercontent.com/abid4197/NothingPhone/refs/heads/main/Nothing%20Phone%20CMF%20Phone%201%20%285G%29_Ivery%20Block.jpg
402,Nothing Phone CMF Phone 1 (5G),Johnwick,https://raw.githubusercontent.com/abid4197/NothingPhone/refs/heads/main/Nothing%20Phone%20CMF%20Phone%201%20%285G%29_Johnwick.jpg
403,Nothing Phone CMF Phone 1 (5G),Joker Abstract,https://raw.githubusercontent.com/abid4197/NothingPhone/refs/heads/main/Nothing%20Phone%20CMF%20Phone%201%20%285G%29_Joker%20Abstract.jpg
404,Nothing Phone CMF Phone 1 (5G),Joker AI,https://raw.githubusercontent.com/abid4197/NothingPhone/refs/heads/main/Nothing%20Phone%20CMF%20Phone%201%20%285G%29_Joker%20AI.jpg
405,Nothing Phone CMF Phone 1 (5G),Joker Attitude,https://raw.githubusercontent.com/abid4197/NothingPhone/refs/heads/main/Nothing%20Phone%20CMF%20Phone%201%20%285G%29_Joker%20Attitude.jpg
406,Nothing Phone CMF Phone 1 (5G),Joker HA HA,https://raw.githubusercontent.com/abid4197/NothingPhone/refs/heads/main/Nothing%20Phone%20CMF%20Phone%201%20%285G%29_Joker%20HA%20HA.jpg
407,Nothing Phone CMF Phone 1 (5G),Joker Laughing,https://raw.githubusercontent.com/abid4197/NothingPhone/refs/heads/main/Nothing%20Phone%20CMF%20Phone%201%20%285G%29_Joker%20Laughing.jpg
408,Nothing Phone CMF Phone 1 (5G),Joker Smoking,https://raw.githubusercontent.com/abid4197/NothingPhone/refs/heads/main/Nothing%20Phone%20CMF%20Phone%201%20%285G%29_Joker%20Smoking.jpg
409,Nothing Phone CMF Phone 1 (5G),Joker,https://raw.githubusercontent.com/abid4197/NothingPhone/refs/heads/main/Nothing%20Phone%20CMF%20Phone%201%20%285G%29_Joker.jpg
410,Nothing Phone CMF Phone 1 (5G),Landscape Block,https://raw.githubusercontent.com/abid4197/NothingPhone/refs/heads/main/Nothing%20Phone%20CMF%20Phone%201%20%285G%29_Landscape%20Block.jpg
411,Nothing Phone CMF Phone 1 (5G),Life,https://raw.githubusercontent.com/abid4197/NothingPhone/refs/heads/main/Nothing%20Phone%20CMF%20Phone%201%20%285G%29_Life.jpg
412,Nothing Phone CMF Phone 1 (5G),Look But Don't Touch,https://raw.githubusercontent.com/abid4197/NothingPhone/refs/heads/main/Nothing%20Phone%20CMF%20Phone%201%20%285G%29_Look%20But%20Don%27t%20Touch.jpg
413,Nothing Phone CMF Phone 1 (5G),Marvel Heroes,https://raw.githubusercontent.com/abid4197/NothingPhone/refs/heads/main/Nothing%20Phone%20CMF%20Phone%201%20%285G%29_Marvel%20Heroes.jpg
414,Nothing Phone CMF Phone 1 (5G),Minimalist Art,https://raw.githubusercontent.com/abid4197/NothingPhone/refs/heads/main/Nothing%20Phone%20CMF%20Phone%201%20%285G%29_Minimalist%20Art.jpg
415,Nothing Phone CMF Phone 1 (5G),Multi Color,https://raw.githubusercontent.com/abid4197/NothingPhone/refs/heads/main/Nothing%20Phone%20CMF%20Phone%201%20%285G%29_Multi%20Color.jpg
416,Nothing Phone CMF Phone 1 (5G),Neon Black,https://raw.githubusercontent.com/abid4197/NothingPhone/refs/heads/main/Nothing%20Phone%20CMF%20Phone%201%20%285G%29_Neon%20Black.jpg
417,Nothing Phone CMF Phone 1 (5G),Old Memory,https://raw.githubusercontent.com/abid4197/NothingPhone/refs/heads/main/Nothing%20Phone%20CMF%20Phone%201%20%285G%29_Old%20Memory.jpg
418,Nothing Phone CMF Phone 1 (5G),Old Watch,https://raw.githubusercontent.com/abid4197/NothingPhone/refs/heads/main/Nothing%20Phone%20CMF%20Phone%201%20%285G%29_Old%20Watch.jpg
419,Nothing Phone CMF Phone 1 (5G),One Pice,https://raw.githubusercontent.com/abid4197/NothingPhone/refs/heads/main/Nothing%20Phone%20CMF%20Phone%201%20%285G%29_One%20Pice.jpg
420,Nothing Phone CMF Phone 1 (5G),Orange Blcok,https://raw.githubusercontent.com/abid4197/NothingPhone/refs/heads/main/Nothing%20Phone%20CMF%20Phone%201%20%285G%29_Orange%20Blcok.jpg
421,Nothing Phone CMF Phone 1 (5G),Professor,https://raw.githubusercontent.com/abid4197/NothingPhone/refs/heads/main/Nothing%20Phone%20CMF%20Phone%201%20%285G%29_Professor.jpg
422,Nothing Phone CMF Phone 1 (5G),Psycho,https://raw.githubusercontent.com/abid4197/NothingPhone/refs/heads/main/Nothing%20Phone%20CMF%20Phone%201%20%285G%29_Psycho.jpg
423,Nothing Phone CMF Phone 1 (5G),Pubg,https://raw.githubusercontent.com/abid4197/NothingPhone/refs/heads/main/Nothing%20Phone%20CMF%20Phone%201%20%285G%29_Pubg.jpg
424,Nothing Phone CMF Phone 1 (5G),Quotes,https://raw.githubusercontent.com/abid4197/NothingPhone/refs/heads/main/Nothing%20Phone%20CMF%20Phone%201%20%285G%29_Quotes.jpg
425,Nothing Phone CMF Phone 1 (5G),Rang Rover,https://raw.githubusercontent.com/abid4197/NothingPhone/refs/heads/main/Nothing%20Phone%20CMF%20Phone%201%20%285G%29_Rang%20Rover.jpg
426,Nothing Phone CMF Phone 1 (5G),Retro Circle,https://raw.githubusercontent.com/abid4197/NothingPhone/refs/heads/main/Nothing%20Phone%20CMF%20Phone%201%20%285G%29_Retro%20Circle.jpg
427,Nothing Phone CMF Phone 1 (5G),Rocket Planet,https://raw.githubusercontent.com/abid4197/NothingPhone/refs/heads/main/Nothing%20Phone%20CMF%20Phone%201%20%285G%29_Rocket%20Planet.jpg
428,Nothing Phone CMF Phone 1 (5G),Rocket,https://raw.githubusercontent.com/abid4197/NothingPhone/refs/heads/main/Nothing%20Phone%20CMF%20Phone%201%20%285G%29_Rocket.jpg
429,Nothing Phone CMF Phone 1 (5G),Santa Claus,https://raw.githubusercontent.com/abid4197/NothingPhone/refs/heads/main/Nothing%20Phone%20CMF%20Phone%201%20%285G%29_Santa%20Claus.jpg
430,Nothing Phone CMF Phone 1 (5G),Signature Pen,https://raw.githubusercontent.com/abid4197/NothingPhone/refs/heads/main/Nothing%20Phone%20CMF%20Phone%201%20%285G%29_Signature%20Pen.jpg
431,Nothing Phone CMF Phone 1 (5G),Silver Box,https://raw.githubusercontent.com/abid4197/NothingPhone/refs/heads/main/Nothing%20Phone%20CMF%20Phone%201%20%285G%29_Silver%20Box.jpg
432,Nothing Phone CMF Phone 1 (5G),Simle Emoji,https://raw.githubusercontent.com/abid4197/NothingPhone/refs/heads/main/Nothing%20Phone%20CMF%20Phone%201%20%285G%29_Simle%20Emoji.jpg
433,Nothing Phone CMF Phone 1 (5G),Skeleton Smoke,https://raw.githubusercontent.com/abid4197/NothingPhone/refs/heads/main/Nothing%20Phone%20CMF%20Phone%201%20%285G%29_Skeleton%20Smoke.jpg
434,Nothing Phone CMF Phone 1 (5G),Skeleton,https://raw.githubusercontent.com/abid4197/NothingPhone/refs/heads/main/Nothing%20Phone%20CMF%20Phone%201%20%285G%29_Skeleton.jpg
435,Nothing Phone CMF Phone 1 (5G),Sleeping Lines,https://raw.githubusercontent.com/abid4197/NothingPhone/refs/heads/main/Nothing%20Phone%20CMF%20Phone%201%20%285G%29_Sleeping%20Lines.jpg
436,Nothing Phone CMF Phone 1 (5G),Smily,https://raw.githubusercontent.com/abid4197/NothingPhone/refs/heads/main/Nothing%20Phone%20CMF%20Phone%201%20%285G%29_Smily.jpg
437,Nothing Phone CMF Phone 1 (5G),Social Media,https://raw.githubusercontent.com/abid4197/NothingPhone/refs/heads/main/Nothing%20Phone%20CMF%20Phone%201%20%285G%29_Social%20Media.jpg
438,Nothing Phone CMF Phone 1 (5G),Spiderman,https://raw.githubusercontent.com/abid4197/NothingPhone/refs/heads/main/Nothing%20Phone%20CMF%20Phone%201%20%285G%29_Spiderman.jpg
439,Nothing Phone CMF Phone 1 (5G),Standing Lines,https://raw.githubusercontent.com/abid4197/NothingPhone/refs/heads/main/Nothing%20Phone%20CMF%20Phone%201%20%285G%29_Standing%20Lines.jpg
440,Nothing Phone CMF Phone 1 (5G),Suit,https://raw.githubusercontent.com/abid4197/NothingPhone/refs/heads/main/Nothing%20Phone%20CMF%20Phone%201%20%285G%29_Suit.jpg
441,Nothing Phone CMF Phone 1 (5G),Thaar,https://raw.githubusercontent.com/abid4197/NothingPhone/refs/heads/main/Nothing%20Phone%20CMF%20Phone%201%20%285G%29_Thaar.jpg
442,Nothing Phone CMF Phone 1 (5G),The Thinker,https://raw.githubusercontent.com/abid4197/NothingPhone/refs/heads/main/Nothing%20Phone%20CMF%20Phone%201%20%285G%29_The%20Thinker.jpg
443,Nothing Phone CMF Phone 1 (5G),Tony Stark,https://raw.githubusercontent.com/abid4197/NothingPhone/refs/heads/main/Nothing%20Phone%20CMF%20Phone%201%20%285G%29_Tony%20Stark.jpg
444,Nothing Phone CMF Phone 1 (5G),Trading,https://raw.githubusercontent.com/abid4197/NothingPhone/refs/heads/main/Nothing%20Phone%20CMF%20Phone%201%20%285G%29_Trading.jpg
445,Nothing Phone CMF Phone 1 (5G),Tringle Block,https://raw.githubusercontent.com/abid4197/NothingPhone/refs/heads/main/Nothing%20Phone%20CMF%20Phone%201%20%285G%29_Tringle%20Block.jpg
446,Nothing Phone CMF Phone 1 (5G),Winter Soldier,https://raw.githubusercontent.com/abid4197/NothingPhone/refs/heads/main/Nothing%20Phone%20CMF%20Phone%201%20%285G%29_Winter%20Soldier.jpg
447,Nothing Phone CMF Phone 1 (5G),Wolverine,https://raw.githubusercontent.com/abid4197/NothingPhone/refs/heads/main/Nothing%20Phone%20CMF%20Phone%201%20%285G%29_Wolverine.jpg
448,Nothing Phone CMF Phone 1 (5G),Yello Professor,https://raw.githubusercontent.com/abid4197/NothingPhone/refs/heads/main/Nothing%20Phone%20CMF%20Phone%201%20%285G%29_Yello%20Professor.jpg
449,Nothing Phone CMF Phone 1 (5G),Yellow Blocks,https://raw.githubusercontent.com/abid4197/NothingPhone/refs/heads/main/Nothing%20Phone%20CMF%20Phone%201%20%285G%29_Yellow%20Blocks.jpg
450,Nothing Phone CMF Phone 1 (5G),Yellow Box,https://raw.githubusercontent.com/abid4197/NothingPhone/refs/heads/main/Nothing%20Phone%20CMF%20Phone%201%20%285G%29_Yellow%20Box.jpg
